Workbook

Sheet Tableau de bord
A1: Multimédia Glory Guinée SARLU
A2: Tableau de bord — Service de production CNIB
A3: Chiffres d’exemple : remplacez les cellules jaunes des feuilles Indicateurs et Missions par vos totaux (jamais de données personnelles). Tout le reste se calcule.
A4: SYNTHÈSE
B5: Atteint | C5: À surveiller | D5: Hors cible | E5: À renseigner | F5: Total | G5: Part atteinte
A6: Indicateurs | B6: =COUNTIF(Indicateurs!$H$6:$H$19,B$5) -> 8 | C6: =COUNTIF(Indicateurs!$H$6:$H$19,C$5) -> 4 | D6: =COUNTIF(Indicateurs!$H$6:$H$19,D$5) -> 2 | E6: =COUNTIF(Indicateurs!$H$6:$H$19,E$5) -> 0 | F6: =SUM(B6:E6) -> 14 | G6: =IF(F6=0,0,B6/F6) -> 0.57142857
B7: Fait | C7: En cours | D7: Bloquée | E7: À faire | F7: Total | G7: Part faite
A8: Missions de la période | B8: =COUNTIF(Missions!$H$5:$H$25,B$7) -> 11 | C8: =COUNTIF(Missions!$H$5:$H$25,C$7) -> 4 | D8: =COUNTIF(Missions!$H$5:$H$25,D$7) -> 2 | E8: =COUNTIF(Missions!$H$5:$H$25,E$7) -> 4 | F8: =SUM(B8:E8) -> 21 | G8: =IF(F8=0,0,B8/F8) -> 0.52380952
A10: PAR DOMAINE
A11: Domaine | B11: Missions | C11: Fait | D11: En cours | E11: Bloquée | F11: À faire | G11: Part faite | H11: Indicateurs hors cible | I11: Indicateurs à surveiller
A12: Réception et planification | B12: =COUNTIF(Missions!$B$5:$B$25,$A12) -> 4 | C12: =COUNTIFS(Missions!$B$5:$B$25,$A12,Missions!$H$5:$H$25,C$11) -> 3 | D12: =COUNTIFS(Missions!$B$5:$B$25,$A12,Missions!$H$5:$H$25,D$11) -> 1 | E12: =COUNTIFS(Missions!$B$5:$B$25,$A12,Missions!$H$5:$H$25,E$11) -> 0 | F12: =COUNTIFS(Missions!$B$5:$B$25,$A12,Missions!$H$5:$H$25,F$11) -> 0 | G12: =IF($B12=0,0,C12/$B12) -> 0.75 | H12: =COUNTIFS(Indicateurs!$A$6:$A$19,$A12,Indicateurs!$H$6:$H$19,"Hors cible") -> 0 | I12: =COUNTIFS(Indicateurs!$A$6:$A$19,$A12,Indicateurs!$H$6:$H$19,"À surveiller") -> 1
A13: Personnalisation des cartes | B13: =COUNTIF(Missions!$B$5:$B$25,$A13) -> 3 | C13: =COUNTIFS(Missions!$B$5:$B$25,$A13,Missions!$H$5:$H$25,C$11) -> 2 | D13: =COUNTIFS(Missions!$B$5:$B$25,$A13,Missions!$H$5:$H$25,D$11) -> 1 | E13: =COUNTIFS(Missions!$B$5:$B$25,$A13,Missions!$H$5:$H$25,E$11) -> 0 | F13: =COUNTIFS(Missions!$B$5:$B$25,$A13,Missions!$H$5:$H$25,F$11) -> 0 | G13: =IF($B13=0,0,C13/$B13) -> 0.66666667 | H13: =COUNTIFS(Indicateurs!$A$6:$A$19,$A13,Indicateurs!$H$6:$H$19,"Hors cible") -> 0 | I13: =COUNTIFS(Indicateurs!$A$6:$A$19,$A13,Indicateurs!$H$6:$H$19,"À surveiller") -> 1
A14: Contrôle qualité | B14: =COUNTIF(Missions!$B$5:$B$25,$A14) -> 3 | C14: =COUNTIFS(Missions!$B$5:$B$25,$A14,Missions!$H$5:$H$25,C$11) -> 1 | D14: =COUNTIFS(Missions!$B$5:$B$25,$A14,Missions!$H$5:$H$25,D$11) -> 1 | E14: =COUNTIFS(Missions!$B$5:$B$25,$A14,Missions!$H$5:$H$25,E$11) -> 0 | F14: =COUNTIFS(Missions!$B$5:$B$25,$A14,Missions!$H$5:$H$25,F$11) -> 1 | G14: =IF($B14=0,0,C14/$B14) -> 0.33333333 | H14: =COUNTIFS(Indicateurs!$A$6:$A$19,$A14,Indicateurs!$H$6:$H$19,"Hors cible") -> 1 | I14: =COUNTIFS(Indicateurs!$A$6:$A$19,$A14,Indicateurs!$H$6:$H$19,"À surveiller") -> 0
A15: Expédition et remise | B15: =COUNTIF(Missions!$B$5:$B$25,$A15) -> 3 | C15: =COUNTIFS(Missions!$B$5:$B$25,$A15,Missions!$H$5:$H$25,C$11) -> 1 | D15: =COUNTIFS(Missions!$B$5:$B$25,$A15,Missions!$H$5:$H$25,D$11) -> 0 | E15: =COUNTIFS(Missions!$B$5:$B$25,$A15,Missions!$H$5:$H$25,E$11) -> 1 | F15: =COUNTIFS(Missions!$B$5:$B$25,$A15,Missions!$H$5:$H$25,F$11) -> 1 | G15: =IF($B15=0,0,C15/$B15) -> 0.33333333 | H15: =COUNTIFS(Indicateurs!$A$6:$A$19,$A15,Indicateurs!$H$6:$H$19,"Hors cible") -> 0 | I15: =COUNTIFS(Indicateurs!$A$6:$A$19,$A15,Indicateurs!$H$6:$H$19,"À surveiller") -> 1
A16: Équipements, stocks et sécurité | B16: =COUNTIF(Missions!$B$5:$B$25,$A16) -> 4 | C16: =COUNTIFS(Missions!$B$5:$B$25,$A16,Missions!$H$5:$H$25,C$11) -> 3 | D16: =COUNTIFS(Missions!$B$5:$B$25,$A16,Missions!$H$5:$H$25,D$11) -> 0 | E16: =COUNTIFS(Missions!$B$5:$B$25,$A16,Missions!$H$5:$H$25,E$11) -> 1 | F16: =COUNTIFS(Missions!$B$5:$B$25,$A16,Missions!$H$5:$H$25,F$11) -> 0 | G16: =IF($B16=0,0,C16/$B16) -> 0.75 | H16: =COUNTIFS(Indicateurs!$A$6:$A$19,$A16,Indicateurs!$H$6:$H$19,"Hors cible") -> 1 | I16: =COUNTIFS(Indicateurs!$A$6:$A$19,$A16,Indicateurs!$H$6:$H$19,"À surveiller") -> 0
A17: Pilotage et reporting | B17: =COUNTIF(Missions!$B$5:$B$25,$A17) -> 4 | C17: =COUNTIFS(Missions!$B$5:$B$25,$A17,Missions!$H$5:$H$25,C$11) -> 1 | D17: =COUNTIFS(Missions!$B$5:$B$25,$A17,Missions!$H$5:$H$25,D$11) -> 1 | E17: =COUNTIFS(Missions!$B$5:$B$25,$A17,Missions!$H$5:$H$25,E$11) -> 0 | F17: =COUNTIFS(Missions!$B$5:$B$25,$A17,Missions!$H$5:$H$25,F$11) -> 2 | G17: =IF($B17=0,0,C17/$B17) -> 0.25 | H17: =COUNTIFS(Indicateurs!$A$6:$A$19,$A17,Indicateurs!$H$6:$H$19,"Hors cible") -> 0 | I17: =COUNTIFS(Indicateurs!$A$6:$A$19,$A17,Indicateurs!$H$6:$H$19,"À surveiller") -> 1
A18: Total | B18: =SUM(B12:B17) -> 21 | C18: =SUM(C12:C17) -> 11 | D18: =SUM(D12:D17) -> 4 | E18: =SUM(E12:E17) -> 2 | F18: =SUM(F12:F17) -> 4 | G18: =IF(B18=0,0,C18/B18) -> 0.52380952 | H18: =SUM(H12:H17) -> 2 | I18: =SUM(I12:I17) -> 4
A40: Hypothèses : missions, rythmes, indicateurs, cibles et marges sont des propositions à valider avec les termes de référence du service. Les statuts et chiffres affichés au départ sont des exemples. Ne saisissez dans ce classeur que des totaux, jamais de données personnelles.

Sheet Indicateurs
A1: Multimédia Glory Guinée SARLU — Indicateurs de pilotage
A2: Saisissez la cible et le réalisé (cellules jaunes) : l’écart et l’état se calculent seuls. Chiffres actuels : exemples.
A3: Seuil « À surveiller » (cibles à atteindre ≥) | C3: 0.9 | D3: Part minimale de la cible pour rester « À surveiller » (hypothèse proposée, modifiable)
A5: Domaine | B5: Indicateur | C5: Sens | D5: Marge « à surveiller » (plafonds seulement) | E5: Cible | F5: Réalisé | G5: Écart | H5: État
A6: Réception et planification | B6: Dossiers conformes dès réception | C6: ≥ | E6: 0.95 | F6: 0.93 | G6: =IF(OR(E6="",F6=""),"",F6-E6) -> -0.02 | H6: =IF(OR(E6="",F6=""),"À renseigner",IF(C6="≥",IF(F6>=E6,"Atteint",IF(F6>=E6*$C$3,"À surveiller","Hors cible")),IF(F6<=E6,"Atteint",IF(F6<=E6+D6,"À surveiller","Hors cible")))) -> À surveiller
A7: Réception et planification | B7: Cartes produites sur cartes planifiées | C7: ≥ | E7: 0.95 | F7: 0.97 | G7: =IF(OR(E7="",F7=""),"",F7-E7) -> 0.02 | H7: =IF(OR(E7="",F7=""),"À renseigner",IF(C7="≥",IF(F7>=E7,"Atteint",IF(F7>=E7*$C$3,"À surveiller","Hors cible")),IF(F7<=E7,"Atteint",IF(F7<=E7+D7,"À surveiller","Hors cible")))) -> Atteint
A8: Personnalisation des cartes | B8: Cartes personnalisées dans le mois | C8: ≥ | E8: 2000 | F8: 2150 | G8: =IF(OR(E8="",F8=""),"",F8-E8) -> 150 | H8: =IF(OR(E8="",F8=""),"À renseigner",IF(C8="≥",IF(F8>=E8,"Atteint",IF(F8>=E8*$C$3,"À surveiller","Hors cible")),IF(F8<=E8,"Atteint",IF(F8<=E8+D8,"À surveiller","Hors cible")))) -> Atteint
A9: Personnalisation des cartes | B9: Arrêts de production non planifiés | C9: ≤ | D9: 2 | E9: 2 | F9: 3 | G9: =IF(OR(E9="",F9=""),"",F9-E9) -> 1 | H9: =IF(OR(E9="",F9=""),"À renseigner",IF(C9="≥",IF(F9>=E9,"Atteint",IF(F9>=E9*$C$3,"À surveiller","Hors cible")),IF(F9<=E9,"Atteint",IF(F9<=E9+D9,"À surveiller","Hors cible")))) -> À surveiller
A10: Contrôle qualité | B10: Cartes conformes au premier contrôle | C10: ≥ | E10: 0.98 | F10: 0.99 | G10: =IF(OR(E10="",F10=""),"",F10-E10) -> 0.01 | H10: =IF(OR(E10="",F10=""),"À renseigner",IF(C10="≥",IF(F10>=E10,"Atteint",IF(F10>=E10*$C$3,"À surveiller","Hors cible")),IF(F10<=E10,"Atteint",IF(F10<=E10+D10,"À surveiller","Hors cible")))) -> Atteint
A11: Contrôle qualité | B11: Taux de rebut | C11: ≤ | D11: 0.01 | E11: 0.02 | F11: 0.035 | G11: =IF(OR(E11="",F11=""),"",F11-E11) -> 0.015 | H11: =IF(OR(E11="",F11=""),"À renseigner",IF(C11="≥",IF(F11>=E11,"Atteint",IF(F11>=E11*$C$3,"À surveiller","Hors cible")),IF(F11<=E11,"Atteint",IF(F11<=E11+D11,"À surveiller","Hors cible")))) -> Hors cible
A12: Expédition et remise | B12: Colis expédiés dans les délais | C12: ≥ | E12: 0.98 | F12: 0.98 | G12: =IF(OR(E12="",F12=""),"",F12-E12) -> 0 | H12: =IF(OR(E12="",F12=""),"À renseigner",IF(C12="≥",IF(F12>=E12,"Atteint",IF(F12>=E12*$C$3,"À surveiller","Hors cible")),IF(F12<=E12,"Atteint",IF(F12<=E12+D12,"À surveiller","Hors cible")))) -> Atteint
A13: Expédition et remise | B13: Cartes remises sur cartes expédiées | C13: ≥ | E13: 0.9 | F13: 0.84 | G13: =IF(OR(E13="",F13=""),"",F13-E13) -> -0.06 | H13: =IF(OR(E13="",F13=""),"À renseigner",IF(C13="≥",IF(F13>=E13,"Atteint",IF(F13>=E13*$C$3,"À surveiller","Hors cible")),IF(F13<=E13,"Atteint",IF(F13<=E13+D13,"À surveiller","Hors cible")))) -> À surveiller
A14: Équipements, stocks et sécurité | B14: Jours de stock de cartes vierges | C14: ≥ | E14: 30 | F14: 18 | G14: =IF(OR(E14="",F14=""),"",F14-E14) -> -12 | H14: =IF(OR(E14="",F14=""),"À renseigner",IF(C14="≥",IF(F14>=E14,"Atteint",IF(F14>=E14*$C$3,"À surveiller","Hors cible")),IF(F14<=E14,"Atteint",IF(F14<=E14+D14,"À surveiller","Hors cible")))) -> Hors cible
A15: Équipements, stocks et sécurité | B15: Écarts d’inventaire des cartes | C15: ≤ | D15: 1 | E15: 0 | F15: 0 | G15: =IF(OR(E15="",F15=""),"",F15-E15) -> 0 | H15: =IF(OR(E15="",F15=""),"À renseigner",IF(C15="≥",IF(F15>=E15,"Atteint",IF(F15>=E15*$C$3,"À surveiller","Hors cible")),IF(F15<=E15,"Atteint",IF(F15<=E15+D15,"À surveiller","Hors cible")))) -> Atteint
A16: Équipements, stocks et sécurité | B16: Équipements disponibles | C16: ≥ | E16: 0.95 | F16: 0.96 | G16: =IF(OR(E16="",F16=""),"",F16-E16) -> 0.01 | H16: =IF(OR(E16="",F16=""),"À renseigner",IF(C16="≥",IF(F16>=E16,"Atteint",IF(F16>=E16*$C$3,"À surveiller","Hors cible")),IF(F16<=E16,"Atteint",IF(F16<=E16+D16,"À surveiller","Hors cible")))) -> Atteint
A17: Équipements, stocks et sécurité | B17: Incidents de sécurité des données | C17: ≤ | D17: 0 | E17: 0 | F17: 0 | G17: =IF(OR(E17="",F17=""),"",F17-E17) -> 0 | H17: =IF(OR(E17="",F17=""),"À renseigner",IF(C17="≥",IF(F17>=E17,"Atteint",IF(F17>=E17*$C$3,"À surveiller","Hors cible")),IF(F17<=E17,"Atteint",IF(F17<=E17+D17,"À surveiller","Hors cible")))) -> Atteint
A18: Pilotage et reporting | B18: Postes de production couverts | C18: ≥ | E18: 0.95 | F18: 0.95 | G18: =IF(OR(E18="",F18=""),"",F18-E18) -> 0 | H18: =IF(OR(E18="",F18=""),"À renseigner",IF(C18="≥",IF(F18>=E18,"Atteint",IF(F18>=E18*$C$3,"À surveiller","Hors cible")),IF(F18<=E18,"Atteint",IF(F18<=E18+D18,"À surveiller","Hors cible")))) -> Atteint
A19: Pilotage et reporting | B19: Réclamations traitées dans les délais | C19: ≥ | E19: 0.95 | F19: 0.9 | G19: =IF(OR(E19="",F19=""),"",F19-E19) -> -0.05 | H19: =IF(OR(E19="",F19=""),"À renseigner",IF(C19="≥",IF(F19>=E19,"Atteint",IF(F19>=E19*$C$3,"À surveiller","Hors cible")),IF(F19<=E19,"Atteint",IF(F19<=E19+D19,"À surveiller","Hors cible")))) -> À surveiller
A21: Lecture :
A22: • Sens ≥ : la cible est un minimum. Atteint si le réalisé la respecte ; À surveiller si le réalisé atteint au moins le seuil ci-dessus (C3) de la cible ; sinon Hors cible.
A23: • Sens ≤ : la cible est un plafond (retards, anomalies…). Atteint si le réalisé reste sous le plafond ; À surveiller jusqu’à la marge de la colonne D au-dessus ; sinon Hors cible.
A24: • Les pourcentages sont saisis en % (92 % ou 0,92). L’écart des pourcentages se lit en points.
A25: • Cibles, marges et chiffres réalisés sont des exemples proposés : remplacez-les par vos objectifs réels.

Sheet Missions
A1: Multimédia Glory Guinée SARLU — Missions du service de production CNIB
A2: Choisissez le statut de la période dans la colonne H (liste déroulante). Statuts actuels : exemples.
A3: Missions, rythmes et indicateurs associés : propositions d’après le déroulé habituel de production, à valider avec les termes de référence du service et à adapter.
A4: ID | B4: Domaine | C4: Mission | D4: Détail | E4: Rythme * | F4: Catégorie de rythme | G4: Indicateur associé * | H4: Statut de la période
A5: a1 | B5: Réception et planification | C5: Recevoir les lots de dossiers validés | E5: Quotidien | F5: Quotidien | G5: Lots reçus et enregistrés dans la journée (%) | H5: Fait
A6: a2 | B6: Réception et planification | C6: Vérifier que chaque dossier est complet et exploitable | D6: État civil, photo, empreintes, signature | E6: Quotidien | F6: Quotidien | G6: Dossiers conformes dès réception (%) | H6: Fait
A7: a3 | B7: Réception et planification | C7: Renvoyer les dossiers en anomalie au centre d’enrôlement | E7: À chaque anomalie | F7: À chaque événement | G7: Anomalies renvoyées dans les délais (%) | H7: En cours
A8: a4 | B8: Réception et planification | C8: Planifier la production | D8: Priorités, files d’attente, capacité des machines | E8: Hebdomadaire | F8: Hebdomadaire | G8: Cartes produites sur cartes planifiées (%) | H8: Fait
A9: b1 | B9: Personnalisation des cartes | C9: Lancer et suivre la personnalisation des lots | E9: Quotidien | F9: Quotidien | G9: Cartes personnalisées dans le mois (nombre) | H9: En cours
A10: b2 | B10: Personnalisation des cartes | C10: Régler les machines et les modèles de carte | E10: À chaque lot | F10: À chaque événement | G10: Lots lancés avec une carte d’essai conforme (%) | H10: Fait
A11: b3 | B11: Personnalisation des cartes | C11: Tenir le journal de production | E11: Quotidien | F11: Quotidien | G11: Lots avec journal complet (%) | H11: Fait
A12: q1 | B12: Contrôle qualité | C12: Contrôler chaque carte avant validation | D12: Aspect, données imprimées, lecture de la puce | E12: Quotidien | F12: Quotidien | G12: Cartes conformes au premier contrôle (%) | H12: Fait
A13: q2 | B13: Contrôle qualité | C13: Isoler, enregistrer et traiter les cartes rebutées | E13: Quotidien | F13: Quotidien | G13: Taux de rebut (%) | H13: En cours
A14: q3 | B14: Contrôle qualité | C14: Analyser les causes des défauts et corriger | E14: Hebdomadaire | F14: Hebdomadaire | G14: Défauts récurrents sans action corrective (nombre) | H14: À faire
A15: e1 | B15: Expédition et remise | C15: Conditionner les cartes par lot et par centre de remise | E15: À chaque lot | F15: À chaque événement | G15: Colis conformes à la liste d’expédition (%) | H15: Fait
A16: e2 | B16: Expédition et remise | C16: Expédier et suivre l’acheminement jusqu’aux centres | E16: À chaque expédition | F16: À chaque événement | G16: Colis expédiés dans les délais (%) | H16: Bloquée
A17: e3 | B17: Expédition et remise | C17: Suivre les cartes remises, non retirées ou retournées | E17: Mensuel | F17: Mensuel | G17: Cartes remises sur cartes expédiées (%) | H17: À faire
A18: s1 | B18: Équipements, stocks et sécurité | C18: Gérer le stock de cartes vierges et de consommables | E18: Hebdomadaire | F18: Hebdomadaire | G18: Jours de stock restants (nombre) | H18: Bloquée
A19: s2 | B19: Équipements, stocks et sécurité | C19: Assurer la maintenance préventive des équipements | E19: Mensuel | F19: Mensuel | G19: Équipements disponibles (%) | H19: Fait
A20: s3 | B20: Équipements, stocks et sécurité | C20: Sécuriser les accès, la traçabilité et la destruction des rebuts | E20: Continu | F20: Continu | G20: Écarts d’inventaire des cartes (nombre) | H20: Fait
A21: s4 | B21: Équipements, stocks et sécurité | C21: Protéger les données personnelles des citoyens | E21: Continu | F21: Continu | G21: Incidents de sécurité des données (nombre) | H21: Fait
A22: p1 | B22: Pilotage et reporting | C22: Piloter l’équipe de production | E22: Hebdomadaire | F22: Hebdomadaire | G22: Postes de production couverts (%) | H22: Fait
A23: p2 | B23: Pilotage et reporting | C23: Établir les tableaux de bord mensuels de production | E23: Mensuel | F23: Mensuel | G23: Tableau remis dans les délais (oui / non) | H23: En cours
A24: p3 | B24: Pilotage et reporting | C24: Traiter les réclamations et les cas particuliers | E24: À chaque réclamation | F24: À chaque événement | G24: Réclamations traitées dans les délais (%) | H24: À faire
A25: p4 | B25: Pilotage et reporting | C25: Accomplir les autres tâches confiées par la Direction | E25: Sur demande | F25: À chaque événement | G25: Demandes traitées dans les délais (%) | H25: À faire
A27: Une mission récurrente n’est jamais « terminée » : « Fait » veut dire fait pour la période en cours. À chaque nouvelle période, remettez la colonne H sur « À faire ».

Sheet Missions expliquées
A1: Multimédia Glory Guinée SARLU — Missions expliquées — Service de production CNIB
A2: Missions proposées d’après le déroulé habituel de production d’une carte d’identité biométrique, à comparer avec les termes de référence du service. La colonne C indique où la mission est suivie.
A3: Le service de production transforme un dossier validé en une carte prête à être remise : on reçoit, on fabrique, on contrôle, on expédie, et on garde la trace de chaque étape.
A5: Mission | B5: Mission suivie (ID) | C5: Domaine suivi | D5: En simple | E5: Concrètement | F5: C’est bien fait quand | G5: À savoir
A6: Recevoir les lots de dossiers validés | B6: a1 | C6: =IF(B6="","Rôle du poste",IFERROR(INDEX(Missions!$B$5:$B$25,MATCH(B6,Missions!$A$5:$A$25,0)),"ID inconnu")) -> Réception et planification | D6: Récupérer, chaque jour, les dossiers prêts à être produits et les enregistrer dans le suivi. | E6: • Vérifier que chaque lot reçu est bien celui annoncé : numéro, nombre de dossiers. • Enregistrer la date et l’heure de réception. • Ne lancer aucune production sur un lot non enregistré. | F6: Chaque lot reçu est enregistré le jour même, et on sait toujours où il en est. | G6: Lexique : Lot : groupe de dossiers ou de cartes traités ensemble, avec un numéro qui permet de suivre chaque étape.
A7: Vérifier que chaque dossier est complet et exploitable | B7: a2 | C7: =IF(B7="","Rôle du poste",IFERROR(INDEX(Missions!$B$5:$B$25,MATCH(B7,Missions!$A$5:$A$25,0)),"ID inconnu")) -> Réception et planification | D7: S’assurer qu’un dossier contient tout ce qu’il faut pour fabriquer la carte, avant de lancer la production. | E7: • Contrôler l’état civil, la photo, les empreintes et la signature. • Écarter les dossiers illisibles ou incomplets. • Une erreur trouvée ici coûte beaucoup moins cher qu’une carte à refaire. | F7: Presque aucun dossier n’est refusé plus tard, à l’impression ou au contrôle final. | G7: À confirmer : Le dédoublonnage biométrique (vérifier qu’une même personne n’a pas deux cartes) se fait-il avant l’arrivée des dossiers, ou dans ce service ?
A8: Renvoyer les dossiers en anomalie au centre d’enrôlement | B8: a3 | C8: =IF(B8="","Rôle du poste",IFERROR(INDEX(Missions!$B$5:$B$25,MATCH(B8,Missions!$A$5:$A$25,0)),"ID inconnu")) -> Réception et planification | D8: Faire corriger à la source les dossiers qui ne peuvent pas être produits. | E8: • Noter la raison précise de chaque anomalie. • Renvoyer le dossier au centre concerné avec cette raison. • Suivre le retour jusqu’à la correction. | F8: Aucun dossier en anomalie ne reste bloqué sans que le centre soit prévenu. | G8: Lexique : Centre d’enrôlement : lieu où l’on recueille les données du citoyen (état civil, photo, empreintes).
A9: Planifier la production | B9: a4 | C9: =IF(B9="","Rôle du poste",IFERROR(INDEX(Missions!$B$5:$B$25,MATCH(B9,Missions!$A$5:$A$25,0)),"ID inconnu")) -> Réception et planification | D9: Décider quoi produire, dans quel ordre et avec quelles machines, pour tenir les délais. | E9: • Classer les lots par priorité et par date limite. • Tenir compte des machines disponibles et du stock de cartes vierges. • Revoir le plan chaque semaine et le corriger si besoin. | F9: Le plan est tenu et la production n’attend ni les machines ni les cartes vierges.
A10: Lancer et suivre la personnalisation des lots | B10: b1 | C10: =IF(B10="","Rôle du poste",IFERROR(INDEX(Missions!$B$5:$B$25,MATCH(B10,Missions!$A$5:$A$25,0)),"ID inconnu")) -> Personnalisation des cartes | D10: Faire inscrire les données du titulaire sur chaque carte vierge, lot après lot. | E10: • Lancer la production du lot sur la machine prévue. • Suivre l’avancement et la cadence en cours de journée. • Clôturer le lot quand toutes ses cartes sont sorties ou rebutées. | F10: Chaque lot est terminé à la date prévue, sans carte oubliée. | G10: Lexique : Personnalisation : étape où l’on inscrit les données du titulaire sur la carte vierge. Selon le modèle : impression, gravure, encodage de la puce. À confirmer : Le modèle exact de la carte détermine les étapes et les contrôles. À préciser avec la Direction.
A11: Régler les machines et les modèles de carte | B11: b2 | C11: =IF(B11="","Rôle du poste",IFERROR(INDEX(Missions!$B$5:$B$25,MATCH(B11,Missions!$A$5:$A$25,0)),"ID inconnu")) -> Personnalisation des cartes | D11: Préparer les machines pour que chaque carte sorte avec le bon modèle et la bonne qualité. | E11: • Charger le bon modèle de carte et les bons consommables. • Faire une carte d’essai avant de lancer un lot, et après tout réglage ou changement. • Noter les réglages utilisés. | F11: Les cartes d’essai sont bonnes du premier coup et les lots démarrent sans arrêt.
A12: Tenir le journal de production | B12: b3 | C12: =IF(B12="","Rôle du poste",IFERROR(INDEX(Missions!$B$5:$B$25,MATCH(B12,Missions!$A$5:$A$25,0)),"ID inconnu")) -> Personnalisation des cartes | D12: Garder une trace écrite de tout ce qui se passe en production. | E12: • Noter pour chaque lot : quantités produites et rebutées, machine, opérateur, incidents. • Remplir le journal pendant la journée, pas de mémoire le lendemain. • Pouvoir retrouver l’historique d’une carte en cas de question. | F12: Chaque lot a un journal complet et on retrouve l’historique de n’importe quelle carte. | G12: Lexique : Traçabilité : possibilité de retrouver, pour chaque carte, ce qui a été fait, quand et par qui.
A13: Contrôler chaque carte avant validation | B13: q1 | C13: =IF(B13="","Rôle du poste",IFERROR(INDEX(Missions!$B$5:$B$25,MATCH(B13,Missions!$A$5:$A$25,0)),"ID inconnu")) -> Contrôle qualité | D13: Vérifier que la carte est parfaite avant qu’elle quitte la production. | E13: • Regarder l’aspect : photo nette, textes bien placés, pas de rayure. • Comparer les données imprimées avec le dossier. • Vérifier la lecture de la puce et des données électroniques, selon le modèle. | F13: Aucune carte défectueuse n’arrive chez le citoyen.
A14: Isoler, enregistrer et traiter les cartes rebutées | B14: q2 | C14: =IF(B14="","Rôle du poste",IFERROR(INDEX(Missions!$B$5:$B$25,MATCH(B14,Missions!$A$5:$A$25,0)),"ID inconnu")) -> Contrôle qualité | D14: S’occuper des cartes ratées : les mettre de côté, les compter, puis refaire la carte. | E14: • Séparer les rebuts des cartes bonnes dès la détection. • Enregistrer chaque rebut avec sa cause. • Relancer la production d’une nouvelle carte pour le même dossier. • Détruire les rebuts selon la procédure sécurisée. | F14: Chaque carte rebutée est comptée, remplacée et détruite proprement. | G14: Lexique : Rebut : carte ratée ou défectueuse. Elle contient des données personnelles : on l’enregistre puis on la détruit de façon sécurisée.
A15: Analyser les causes des défauts et corriger | B15: q3 | C15: =IF(B15="","Rôle du poste",IFERROR(INDEX(Missions!$B$5:$B$25,MATCH(B15,Missions!$A$5:$A$25,0)),"ID inconnu")) -> Contrôle qualité | D15: Comprendre pourquoi les défauts reviennent et les supprimer à la source. | E15: • Regrouper les rebuts par cause : machine, consommable, dossier, réglage. • Choisir une action corrective pour chaque cause qui revient. • Vérifier la semaine suivante que le défaut a baissé. | F15: Les mêmes défauts ne reviennent pas semaine après semaine.
A16: Conditionner les cartes par lot et par centre de remise | B16: e1 | C16: =IF(B16="","Rôle du poste",IFERROR(INDEX(Missions!$B$5:$B$25,MATCH(B16,Missions!$A$5:$A$25,0)),"ID inconnu")) -> Expédition et remise | D16: Préparer les cartes pour le transport : regroupées, comptées et protégées. | E16: • Regrouper les cartes par centre de remise. • Compter et contrôler le contenu de chaque colis avec la liste d’expédition. • Fermer et identifier le colis de façon sécurisée. | F16: Aucun colis ne part avec une carte en trop ou en moins.
A17: Expédier et suivre l’acheminement jusqu’aux centres | B17: e2 | C17: =IF(B17="","Rôle du poste",IFERROR(INDEX(Missions!$B$5:$B$25,MATCH(B17,Missions!$A$5:$A$25,0)),"ID inconnu")) -> Expédition et remise | D17: Envoyer les colis et vérifier qu’ils arrivent. | E17: • Remettre les colis au transporteur contre signature. • Suivre chaque colis jusqu’à la confirmation de réception par le centre. • Relancer tout colis en retard. | F17: Les colis arrivent à la date prévue et chaque réception est confirmée.
A18: Suivre les cartes remises, non retirées ou retournées | B18: e3 | C18: =IF(B18="","Rôle du poste",IFERROR(INDEX(Missions!$B$5:$B$25,MATCH(B18,Missions!$A$5:$A$25,0)),"ID inconnu")) -> Expédition et remise | D18: Savoir ce que sont devenues les cartes après l’expédition. | E18: • Faire le point chaque mois avec les centres de remise. • Repérer les cartes non retirées depuis longtemps. • Traiter les cartes retournées : erreur, personne introuvable. | F18: On connaît le sort de chaque carte expédiée. | G18: À confirmer : La remise de la carte au citoyen relève-t-elle du service de production, ou d’un autre service ?
A19: Gérer le stock de cartes vierges et de consommables | B19: s1 | C19: =IF(B19="","Rôle du poste",IFERROR(INDEX(Missions!$B$5:$B$25,MATCH(B19,Missions!$A$5:$A$25,0)),"ID inconnu")) -> Équipements, stocks et sécurité | D19: S’assurer qu’on ne manque jamais de matière pour produire, et qu’aucune carte vierge ne disparaît. | E19: • Compter régulièrement les cartes vierges, les rubans et les films. • Fixer un seuil d’alerte et commander avant de l’atteindre. • Rapprocher le stock du nombre de cartes produites et rebutées. | F19: La production ne s’arrête jamais faute de matière, et le stock compté correspond au stock attendu. | G19: Lexique : Carte vierge : carte qui n’a pas encore de données. Son stock est sensible : il doit être compté et protégé.
A20: Assurer la maintenance préventive des équipements | B20: s2 | C20: =IF(B20="","Rôle du poste",IFERROR(INDEX(Missions!$B$5:$B$25,MATCH(B20,Missions!$A$5:$A$25,0)),"ID inconnu")) -> Équipements, stocks et sécurité | D20: Entretenir les machines avant qu’elles tombent en panne. | E20: • Suivre le calendrier d’entretien prévu par les fabricants. • Nettoyer et contrôler les machines aux dates prévues. • Garder une trace de chaque intervention et de chaque panne. | F20: Peu d’arrêts imprévus et des machines disponibles quand on en a besoin.
A21: Sécuriser les accès, la traçabilité et la destruction des rebuts | B21: s3 | C21: =IF(B21="","Rôle du poste",IFERROR(INDEX(Missions!$B$5:$B$25,MATCH(B21,Missions!$A$5:$A$25,0)),"ID inconnu")) -> Équipements, stocks et sécurité | D21: Protéger les locaux, les cartes et la matière contre la perte et le vol. | E21: • Limiter l’accès à la salle de production aux personnes autorisées. • Tenir un registre d’entrée et de sortie des cartes vierges et des cartes finies. • Détruire les rebuts selon la procédure, devant témoin, avec un procès-verbal. | F21: Aucune carte ne disparaît sans explication : les inventaires tombent juste.
A22: Protéger les données personnelles des citoyens | B22: s4 | C22: =IF(B22="","Rôle du poste",IFERROR(INDEX(Missions!$B$5:$B$25,MATCH(B22,Missions!$A$5:$A$25,0)),"ID inconnu")) -> Équipements, stocks et sécurité | D22: Garder confidentielles les informations des titulaires : état civil, photo, empreintes. | E22: • Donner l’accès aux données seulement à ceux qui en ont besoin. • Ne jamais copier de données personnelles hors des systèmes prévus. • Signaler tout incident tout de suite à la Direction. | F22: Aucun incident de sécurité des données. | G22: Conseil : Ce tableau de bord ne contient que des totaux. N’y saisissez jamais de nom, de numéro de carte ni d’empreinte.
A23: Piloter l’équipe de production | B23: p1 | C23: =IF(B23="","Rôle du poste",IFERROR(INDEX(Missions!$B$5:$B$25,MATCH(B23,Missions!$A$5:$A$25,0)),"ID inconnu")) -> Pilotage et reporting | D23: Diriger les équipes qui fabriquent les cartes. | E23: • Organiser le planning des équipes : jour, nuit, remplacements. • Former les nouveaux opérateurs aux procédures. • Faire un point régulier sur les résultats et les difficultés. | F23: Tous les postes sont tenus et l’équipe connaît ses objectifs.
A24: Établir les tableaux de bord mensuels de production | B24: p2 | C24: =IF(B24="","Rôle du poste",IFERROR(INDEX(Missions!$B$5:$B$25,MATCH(B24,Missions!$A$5:$A$25,0)),"ID inconnu")) -> Pilotage et reporting | D24: Résumer chaque mois, en chiffres, ce que le service a produit et ce qui a posé problème. C’est ce que permet ce tableau de bord. | E24: • Rassembler les chiffres du journal de production, des contrôles et des expéditions. • Les comparer aux objectifs. • Les présenter à la Direction avec les points d’attention. | F24: Le tableau est prêt à date fixe et la Direction s’en sert pour décider.
A25: Traiter les réclamations et les cas particuliers | B25: p3 | C25: =IF(B25="","Rôle du poste",IFERROR(INDEX(Missions!$B$5:$B$25,MATCH(B25,Missions!$A$5:$A$25,0)),"ID inconnu")) -> Pilotage et reporting | D25: Répondre aux situations hors du cours normal : carte perdue, erreur sur une carte, dossier urgent. | E25: • Enregistrer chaque réclamation avec sa date. • Trouver la cause dans le journal de production. • Répondre et, si besoin, refaire la carte. | F25: Chaque réclamation reçoit une réponse dans le délai fixé.
A26: Accomplir les autres tâches confiées par la Direction | B26: p4 | C26: =IF(B26="","Rôle du poste",IFERROR(INDEX(Missions!$B$5:$B$25,MATCH(B26,Missions!$A$5:$A$25,0)),"ID inconnu")) -> Pilotage et reporting | D26: C’est une clause ouverte : la Direction peut confier d’autres tâches liées au service. | E26: • Noter chaque demande : date, contenu, échéance. • Cela évite les oublis et permet de montrer ce qui a été fait. | F26: Les demandes sont traitées dans les délais. | G26: Conseil : Pour une tâche importante ou inhabituelle, demandez une confirmation écrite. Les limites exactes dépendent du contrat de travail.
A28: PETIT LEXIQUE
A29: CNIB | B29: Carte nationale d’identité biométrique : pièce d’identité qui contient, en plus de l’état civil, des données biométriques du titulaire.
A30: Enrôlement | B30: Collecte des données du citoyen (état civil, photo, empreintes) dans un centre d’enrôlement.
A31: Données biométriques | B31: Caractéristiques physiques mesurables d’une personne, comme les empreintes digitales et le visage.
A32: Dédoublonnage biométrique | B32: Vérification qu’une même personne n’a pas deux cartes, en comparant ses données biométriques.
A33: Lot | B33: Groupe de dossiers ou de cartes traités ensemble, avec un numéro qui permet de suivre chaque étape.
A34: Personnalisation | B34: Étape où l’on inscrit les données du titulaire sur la carte vierge. Selon le modèle : impression, gravure, encodage de la puce.
A35: Carte vierge | B35: Carte qui n’a pas encore de données. Son stock est sensible : il doit être compté et protégé.
A36: Rebut | B36: Carte ratée ou défectueuse. Elle contient des données personnelles : on l’enregistre puis on la détruit de façon sécurisée.
A37: Traçabilité | B37: Possibilité de retrouver, pour chaque carte, ce qui a été fait, quand et par qui.
A39: À CLARIFIER AVEC LA DIRECTION
A40: 1. Où commence et où finit le service : reçoit-il des dossiers déjà validés et dédoublonnés, ou fait-il lui-même ces vérifications ?
A41: 2. La remise de la carte au citoyen relève-t-elle du service de production ou d’un autre service ?
A42: 3. Quel est le modèle exact de la carte (puce, gravure, autres éléments) et quels équipements sont utilisés ? Les étapes et les contrôles en dépendent.
A43: 4. Quels délais de production et d’expédition, et quel taux de rebut maximal, sont exigés par la Direction ou par le client ? Les cibles du tableau de bord sont des exemples en attendant.
